Workbook

Sheet اللوحة الرئيسية
B2: الاحصائيات العامة لمجالس مثاني القرآنية 3
B4: جامع خالد بن الوليد
B7: المنجزات | G7: بالتعاون مع | J7: الاحصائيات
B8: الختمات | D8: المستهدف | J8: المعلمين | L8: المجلس
B9: =Calculations!P2 -> 0 | D9: 15460 | J9: =Calculations!R2 -> 0 | L9: جميع الأيام
B10: النقية | D10: المنجزة | J10: الحضور الفعلي | L10: جلسات التسميع
B11: =Calculations!O2 -> 0 | D11: =Calculations!N2 -> 0 | J11: =COUNTIFS('البيانات اليومية'!E:E, "حاضر") -> 0 | L11: =COUNTA('البيانات اليومية'!A:A)-1 -> 0
B13: المشاركين الأكثر تسميعاً | J13: الأجود تسميعاً
B14: المشارك | E14: الصفحات | J14: المشارك | M14: النسبة
B16: =INDEX(Calculations!A:A, MATCH(E16, Calculations!B:B, 0)) -> 0 | E16: =LARGE(Calculations!B:B, 1) -> 0 | J16: =INDEX(Calculations!A:A, MATCH(M16, Calculations!C:C, 0)) -> 0 | M16: =LARGE(Calculations!C:C, 1) -> 0
B17: =INDEX(Calculations!A:A, MATCH(E17, Calculations!B:B, 0)) -> 0 | E17: =LARGE(Calculations!B:B, 2) -> 0 | J17: =INDEX(Calculations!A:A, MATCH(M17, Calculations!C:C, 0)) -> 0 | M17: =LARGE(Calculations!C:C, 2) -> 0
B18: =INDEX(Calculations!A:A, MATCH(E18, Calculations!B:B, 0)) -> 0 | E18: =LARGE(Calculations!B:B, 3) -> 0 | J18: =INDEX(Calculations!A:A, MATCH(M18, Calculations!C:C, 0)) -> 0 | M18: =LARGE(Calculations!C:C, 3) -> 0
B19: =INDEX(Calculations!A:A, MATCH(E19, Calculations!B:B, 0)) -> 0 | E19: =LARGE(Calculations!B:B, 4) -> 0 | J19: =INDEX(Calculations!A:A, MATCH(M19, Calculations!C:C, 0)) -> 0 | M19: =LARGE(Calculations!C:C, 4) -> 0
B20: =INDEX(Calculations!A:A, MATCH(E20, Calculations!B:B, 0)) -> 0 | E20: =LARGE(Calculations!B:B, 5) -> 0 | J20: =INDEX(Calculations!A:A, MATCH(M20, Calculations!C:C, 0)) -> 0 | M20: =LARGE(Calculations!C:C, 5) -> 0

Sheet البيانات اليومية
A1: التاريخ | B1: اسم الطالب | C1: المعلم | D1: الفرع | E1: الحالة | F1: عدد الصفحات | G1: الأخطاء | H1: التنبيهات | I1: صفحات نقية | J1: جزء
A2: 2025-12-26 | B2: عمر محمد | C2: الشيخ محمد | D2: 3 أجزاء | E2: حاضر | F2: 7 | G2: 0 | H2: 2 | I2: 5 | J2: =1 -> 0
A3: 2025-12-18 | B3: عبدالله إبراهيم | C3: الشيخ محمود | D3: 5 أجزاء | E3: حاضر | F3: 3 | G3: 2 | H3: 1 | I3: 0 | J3: =1 -> 0
A4: 2025-12-17 | B4: عمر يوسف | C4: الشيخ محمد | D4: 5 أجزاء | E4: حاضر | F4: 5 | G4: 3 | H4: 1 | I4: 1 | J4: =1 -> 0
A5: 2025-12-30 | B5: عمر يوسف | C5: الشيخ أحمد | D5: 5 أجزاء | E5: حاضر | F5: 10 | G5: 2 | H5: 0 | I5: 8 | J5: =1 -> 0
A6: 2025-12-14 | B6: خالد علي | C6: الشيخ محمود | D6: 5 أجزاء | E6: حاضر | F6: 1 | G6: 3 | H6: 4 | I6: 0 | J6: =1 -> 0
A7: 2025-12-24 | B7: خالد علي | C7: الشيخ أحمد | D7: 5 أجزاء | E7: حاضر | F7: 8 | G7: 0 | H7: 0 | I7: 8 | J7: =1 -> 0
A8: 2025-12-16 | B8: علي عبدالحميد | C8: الشيخ محمود | D8: 5 أجزاء | E8: حاضر | F8: 9 | G8: 1 | H8: 5 | I8: 3 | J8: =1 -> 0
A9: 2026-01-04 | B9: يوسف خالد | C9: الشيخ محمد | D9: 15 جزء | E9: حاضر | F9: 10 | G9: 3 | H9: 5 | I9: 2 | J9: =1 -> 0
A10: 2025-12-13 | B10: عمر يوسف | C10: الشيخ محمد | D10: 5 أجزاء | E10: حاضر | F10: 8 | G10: 2 | H10: 5 | I10: 1 | J10: =1 -> 0
A11: 2025-12-14 | B11: علي عبدالحميد | C11: الشيخ محمد | D11: 5 أجزاء | E11: حاضر | F11: 9 | G11: 1 | H11: 5 | I11: 3 | J11: =1 -> 0
A12: 2026-01-01 | B12: خالد علي | C12: الشيخ محمد | D12: 5 أجزاء | E12: حاضر | F12: 4 | G12: 1 | H12: 4 | I12: 0 | J12: =1 -> 0
A13: 2025-12-26 | B13: يوسف عبدالرحمن | C13: الشيخ محمد | D13: 10 أجزاء | E13: حاضر | F13: 4 | G13: 1 | H13: 4 | I13: 0 | J13: =1 -> 0
... A301: 2025-12-20 | B301: يوسف خالد | C301: الشيخ أحمد | D301: 15 جزء | E301: حاضر | F301: 7 | G301: 1 | H301: 1 | I301: 5 | J301: =1 -> 0

Sheet Calculations
A1: Unique Students | B1: Total Pages | C1: Avg Quality | D1: Total Clean | E1: Total Errors | F1: Total Alerts | G1: Branch Vol | H1: Cycles | K1: Branch Name | L1: Volume | N1: Total Pages | O1: Total Clean | P1: Total Cycles | Q1: Target | R1: Unique Teachers
A2: يوسف عبدالرحمن | B2: =SUMIF('البيانات اليومية'!B:B, A2, 'البيانات اليومية'!F:F) -> 0 | C2: =IF(B2>0, SUMIF('البيانات اليومية'!B:B, A2, 'البيانات اليومية'!I:I)/B2, 0) -> 0 | D2: =SUMIF('البيانات اليومية'!B:B, A2, 'البيانات اليومية'!I:I) -> 0 | E2: =SUMIF('البيانات اليومية'!B:B, A2, 'البيانات اليومية'!G:G) -> 0 | F2: =SUMIF('البيانات اليومية'!B:B, A2, 'البيانات اليومية'!H:H) -> 0 | G2: =VLOOKUP(INDEX('البيانات اليومية'!D:D, MATCH(A2, 'البيانات اليومية'!B:B, 0)), $K$2:$L$7, 2, FALSE) -> 0 | H2: =B2/G2 -> 0 | K2: كامل القرآن | L2: 604 | N2: =SUM('البيانات اليومية'!F:F) -> 0 | O2: =SUM('البيانات اليومية'!I:I) -> 0 | P2: =SUM(H2:H15) -> 0 | Q2: 15460 | R2: =SUMPRODUCT(('البيانات اليومية'!C2:C1000<>"")/COUNTIF('البيانات اليومية'!C2:C1000, 'البيانات اليومية'!C2:C1000&"")) -> 0
A3: علي عبدالحميد | B3: =SUMIF('البيانات اليومية'!B:B, A3, 'البيانات اليومية'!F:F) -> 0 | C3: =IF(B3>0, SUMIF('البيانات اليومية'!B:B, A3, 'البيانات اليومية'!I:I)/B3, 0) -> 0 | D3: =SUMIF('البيانات اليومية'!B:B, A3, 'البيانات اليومية'!I:I) -> 0 | E3: =SUMIF('البيانات اليومية'!B:B, A3, 'البيانات اليومية'!G:G) -> 0 | F3: =SUMIF('البيانات اليومية'!B:B, A3, 'البيانات اليومية'!H:H) -> 0 | G3: =VLOOKUP(INDEX('البيانات اليومية'!D:D, MATCH(A3, 'البيانات اليومية'!B:B, 0)), $K$2:$L$7, 2, FALSE) -> 0 | H3: =B3/G3 -> 0 | K3: 20 جزء | L3: 400
A4: يوسف خالد | B4: =SUMIF('البيانات اليومية'!B:B, A4, 'البيانات اليومية'!F:F) -> 0 | C4: =IF(B4>0, SUMIF('البيانات اليومية'!B:B, A4, 'البيانات اليومية'!I:I)/B4, 0) -> 0 | D4: =SUMIF('البيانات اليومية'!B:B, A4, 'البيانات اليومية'!I:I) -> 0 | E4: =SUMIF('البيانات اليومية'!B:B, A4, 'البيانات اليومية'!G:G) -> 0 | F4: =SUMIF('البيانات اليومية'!B:B, A4, 'البيانات اليومية'!H:H) -> 0 | G4: =VLOOKUP(INDEX('البيانات اليومية'!D:D, MATCH(A4, 'البيانات اليومية'!B:B, 0)), $K$2:$L$7, 2, FALSE) -> 0 | H4: =B4/G4 -> 0 | K4: 15 جزء | L4: 300
A5: قصي حسن | B5: =SUMIF('البيانات اليومية'!B:B, A5, 'البيانات اليومية'!F:F) -> 0 | C5: =IF(B5>0, SUMIF('البيانات اليومية'!B:B, A5, 'البيانات اليومية'!I:I)/B5, 0) -> 0 | D5: =SUMIF('البيانات اليومية'!B:B, A5, 'البيانات اليومية'!I:I) -> 0 | E5: =SUMIF('البيانات اليومية'!B:B, A5, 'البيانات اليومية'!G:G) -> 0 | F5: =SUMIF('البيانات اليومية'!B:B, A5, 'البيانات اليومية'!H:H) -> 0 | G5: =VLOOKUP(INDEX('البيانات اليومية'!D:D, MATCH(A5, 'البيانات اليومية'!B:B, 0)), $K$2:$L$7, 2, FALSE) -> 0 | H5: =B5/G5 -> 0 | K5: 10 أجزاء | L5: 200
A6: أيمن عبده | B6: =SUMIF('البيانات اليومية'!B:B, A6, 'البيانات اليومية'!F:F) -> 0 | C6: =IF(B6>0, SUMIF('البيانات اليومية'!B:B, A6, 'البيانات اليومية'!I:I)/B6, 0) -> 0 | D6: =SUMIF('البيانات اليومية'!B:B, A6, 'البيانات اليومية'!I:I) -> 0 | E6: =SUMIF('البيانات اليومية'!B:B, A6, 'البيانات اليومية'!G:G) -> 0 | F6: =SUMIF('البيانات اليومية'!B:B, A6, 'البيانات اليومية'!H:H) -> 0 | G6: =VLOOKUP(INDEX('البيانات اليومية'!D:D, MATCH(A6, 'البيانات اليومية'!B:B, 0)), $K$2:$L$7, 2, FALSE) -> 0 | H6: =B6/G6 -> 0 | K6: 5 أجزاء | L6: 100
A7: خالد علي | B7: =SUMIF('البيانات اليومية'!B:B, A7, 'البيانات اليومية'!F:F) -> 0 | C7: =IF(B7>0, SUMIF('البيانات اليومية'!B:B, A7, 'البيانات اليومية'!I:I)/B7, 0) -> 0 | D7: =SUMIF('البيانات اليومية'!B:B, A7, 'البيانات اليومية'!I:I) -> 0 | E7: =SUMIF('البيانات اليومية'!B:B, A7, 'البيانات اليومية'!G:G) -> 0 | F7: =SUMIF('البيانات اليومية'!B:B, A7, 'البيانات اليومية'!H:H) -> 0 | G7: =VLOOKUP(INDEX('البيانات اليومية'!D:D, MATCH(A7, 'البيانات اليومية'!B:B, 0)), $K$2:$L$7, 2, FALSE) -> 0 | H7: =B7/G7 -> 0 | K7: 3 أجزاء | L7: 60
A8: عمر يوسف | B8: =SUMIF('البيانات اليومية'!B:B, A8, 'البيانات اليومية'!F:F) -> 0 | C8: =IF(B8>0, SUMIF('البيانات اليومية'!B:B, A8, 'البيانات اليومية'!I:I)/B8, 0) -> 0 | D8: =SUMIF('البيانات اليومية'!B:B, A8, 'البيانات اليومية'!I:I) -> 0 | E8: =SUMIF('البيانات اليومية'!B:B, A8, 'البيانات اليومية'!G:G) -> 0 | F8: =SUMIF('البيانات اليومية'!B:B, A8, 'البيانات اليومية'!H:H) -> 0 | G8: =VLOOKUP(INDEX('البيانات اليومية'!D:D, MATCH(A8, 'البيانات اليومية'!B:B, 0)), $K$2:$L$7, 2, FALSE) -> 0 | H8: =B8/G8 -> 0
A9: سعيد حسن | B9: =SUMIF('البيانات اليومية'!B:B, A9, 'البيانات اليومية'!F:F) -> 0 | C9: =IF(B9>0, SUMIF('البيانات اليومية'!B:B, A9, 'البيانات اليومية'!I:I)/B9, 0) -> 0 | D9: =SUMIF('البيانات اليومية'!B:B, A9, 'البيانات اليومية'!I:I) -> 0 | E9: =SUMIF('البيانات اليومية'!B:B, A9, 'البيانات اليومية'!G:G) -> 0 | F9: =SUMIF('البيانات اليومية'!B:B, A9, 'البيانات اليومية'!H:H) -> 0 | G9: =VLOOKUP(INDEX('البيانات اليومية'!D:D, MATCH(A9, 'البيانات اليومية'!B:B, 0)), $K$2:$L$7, 2, FALSE) -> 0 | H9: =B9/G9 -> 0
A10: عبدالله إبراهيم | B10: =SUMIF('البيانات اليومية'!B:B, A10, 'البيانات اليومية'!F:F) -> 0 | C10: =IF(B10>0, SUMIF('البيانات اليومية'!B:B, A10, 'البيانات اليومية'!I:I)/B10, 0) -> 0 | D10: =SUMIF('البيانات اليومية'!B:B, A10, 'البيانات اليومية'!I:I) -> 0 | E10: =SUMIF('البيانات اليومية'!B:B, A10, 'البيانات اليومية'!G:G) -> 0 | F10: =SUMIF('البيانات اليومية'!B:B, A10, 'البيانات اليومية'!H:H) -> 0 | G10: =VLOOKUP(INDEX('البيانات اليومية'!D:D, MATCH(A10, 'البيانات اليومية'!B:B, 0)), $K$2:$L$7, 2, FALSE) -> 0 | H10: =B10/G10 -> 0
A11: عمر محمد | B11: =SUMIF('البيانات اليومية'!B:B, A11, 'البيانات اليومية'!F:F) -> 0 | C11: =IF(B11>0, SUMIF('البيانات اليومية'!B:B, A11, 'البيانات اليومية'!I:I)/B11, 0) -> 0 | D11: =SUMIF('البيانات اليومية'!B:B, A11, 'البيانات اليومية'!I:I) -> 0 | E11: =SUMIF('البيانات اليومية'!B:B, A11, 'البيانات اليومية'!G:G) -> 0 | F11: =SUMIF('البيانات اليومية'!B:B, A11, 'البيانات اليومية'!H:H) -> 0 | G11: =VLOOKUP(INDEX('البيانات اليومية'!D:D, MATCH(A11, 'البيانات اليومية'!B:B, 0)), $K$2:$L$7, 2, FALSE) -> 0 | H11: =B11/G11 -> 0
A20: Completion | B20: =N2/Q2 -> 0 | C20: =1-B20 -> 0
A21: Purity | B21: =O2/N2 -> 0 | C21: =1-B21 -> 0
A22: Targets | B22: =B20*0.5 -> 0 | C22: =1-B22 -> 0
A23: Quality | B23: =O2/N2 -> 0 | C23: =1-B23 -> 0
